{
    "report1": {
        "num_bins": 10,
        "distribution": [
            [
                0.0,
                4.0,
                0.01
            ],
            [
                5.0,
                9.0,
                0.01
            ],
            [
                10.0,
                19.0,
                0.02
            ],
            [
                20.0,
                29.0,
                0.12
            ],
            [
                30.0,
                39.0,
                0.3
            ],
            [
                40.0,
                49.0,
                0.22
            ],
            [
                50.0,
                59.0,
                0.15
            ],
            [
                60.0,
                69.0,
                0.12
            ],
            [
                70.0,
                79.0,
                0.04
            ],
            [
                80.0,
                -1.0,
                0.01
            ]
        ]
    },
    "report2": {
        "num_bins": 10,
        "distribution": [
            [
                0.0,
                4.0,
                0.0196078431372549
            ],
            [
                5.0,
                9.0,
                0.0196078431372549
            ],
            [
                10.0,
                19.0,
                0.0392156862745098
            ],
            [
                20.0,
                29.0,
                0.14705882352941177
            ],
            [
                30.0,
                39.0,
                0.2549019607843137
            ],
            [
                40.0,
                49.0,
                0.19607843137254902
            ],
            [
                50.0,
                59.0,
                0.14705882352941177
            ],
            [
                60.0,
                69.0,
                0.11764705882352941
            ],
            [
                70.0,
                79.0,
                0.049019607843137254
            ],
            [
                80.0,
                -1.0,
                0.00980392156862745
            ]
        ]
    },
    "report3": {
        "num_bins": 10,
        "distribution": [
            [
                0.0,
                4.0,
                0.0392156862745098
            ],
            [
                5.0,
                9.0,
                0.058823529411764705
            ],
            [
                10.0,
                19.0,
                0.10784313725490197
            ],
            [
                20.0,
                29.0,
                0.1764705882352941
            ],
            [
                30.0,
                39.0,
                0.24509803921568626
            ],
            [
                40.0,
                49.0,
                0.16666666666666669
            ],
            [
                50.0,
                59.0,
                0.09803921568627451
            ],
            [
                60.0,
                69.0,
                0.06862745098039216
            ],
            [
                70.0,
                79.0,
                0.029411764705882353
            ],
            [
                80.0,
                -1.0,
                0.00980392156862745
            ]
        ]
    }
}